"cohort.id","mean","SE"
3,33.625,2.31407
6,42.5,4.31774
9,44.8,6.9383
12,37.25,8.22977
15,23.85714,4.52205
21,25.85714,2.88203
18,33.25,5.46008
24,24.125,3.2811
27,35.125,6.18303
30,54.66667,6.55574
33,43.5,7.23303
36,43.125,5.65824
45,19.2,4.16413
48,13,2.94958
39,47.66667,11.06245
42,47.66667,11.2002
